accession,orient,tract_start,tract_end,tract_len,hairpin_mfe,has_hairpin,hairpin_gc,gene_end_proximal,matches_reference,corroborated
NC_001803.1,+,9736,9741,6,-0.5,False,0.26666666666666666,False,,False
NC_001803.1,+,11360,11365,6,-0.699999988079071,False,0.26666666666666666,False,,False
NC_001803.1,+,15053,15058,6,-1.7999999523162842,False,0.03333333333333333,False,,False
NC_001803.1,+,15180,15186,7,-2.0999999046325684,False,0.3,False,,False
NC_001803.1,-,6,11,6,-2.5999999046325684,False,0.36666666666666664,False,,False
NC_001803.1,-,37,43,7,-2.5,False,0.36666666666666664,False,,False
NC_001803.1,-,441,446,6,-1.899999976158142,False,0.3,False,,False
NC_001803.1,-,862,867,6,-1.7999999523162842,False,0.3,False,,False
NC_001803.1,-,1545,1551,7,-3.700000047683716,True,0.4666666666666667,False,,True
NC_001803.1,-,1709,1714,6,-1.7999999523162842,False,0.3333333333333333,False,,False
NC_001803.1,-,2322,2329,8,0.0,False,0.3333333333333333,True,,True
NC_001803.1,-,2453,2458,6,-0.20000000298023224,False,0.3,False,,False
NC_001803.1,-,2883,2888,6,-0.699999988079071,False,0.36666666666666664,False,,False
NC_001803.1,-,3192,3197,6,0.0,False,0.3,False,,False
NC_001803.1,-,3214,3220,7,-2.0,False,0.43333333333333335,False,,False
NC_001803.1,-,3598,3603,6,-1.899999976158142,False,0.26666666666666666,False,,False
NC_001803.1,-,3697,3703,7,-0.6000000238418579,False,0.36666666666666664,False,,False
NC_001803.1,-,5232,5237,6,-3.799999952316284,True,0.5333333333333333,False,,True
NC_001803.1,-,5267,5273,7,-1.399999976158142,False,0.4,False,,False
NC_001803.1,-,5292,5297,6,-0.800000011920929,False,0.4,False,,False
NC_001803.1,-,7553,7558,6,0.0,False,0.4666666666666667,False,,False
NC_001803.1,-,7909,7914,6,-3.9000000953674316,True,0.5,False,,True
NC_001803.1,-,9145,9150,6,-1.100000023841858,False,0.3,False,,False
NC_001803.1,-,10052,10057,6,-2.200000047683716,False,0.3,False,,False
NC_001803.1,-,11290,11295,6,-0.30000001192092896,False,0.16666666666666666,False,,False
NC_001803.1,-,12275,12281,7,-1.899999976158142,False,0.26666666666666666,False,,False
NC_001803.1,-,12314,12319,6,-4.400000095367432,True,0.3,False,,True
NC_001803.1,-,12440,12445,6,-2.700000047683716,False,0.2,False,,False
NC_001803.1,-,14656,14662,7,-1.5,False,0.3,False,,False
NC_001803.1,-,14912,14917,6,-0.5,False,0.3,False,,False
NC_038235.1,+,6076,6082,7,-3.0999999046325684,True,0.3,False,,True
NC_038235.1,+,9766,9771,6,-0.5,False,0.3,False,,False
NC_038235.1,+,11390,11395,6,-0.699999988079071,False,0.26666666666666666,False,,False
NC_038235.1,+,15083,15088,6,0.0,False,0.06666666666666667,False,,False
NC_038235.1,+,15211,15217,7,-0.8999999761581421,False,0.26666666666666666,False,,False
NC_038235.1,-,6,11,6,-2.0999999046325684,False,0.3333333333333333,False,,False
NC_038235.1,-,37,43,7,-2.5,False,0.36666666666666664,False,,False
NC_038235.1,-,441,446,6,-1.899999976158142,False,0.3,False,,False
NC_038235.1,-,862,867,6,-1.7999999523162842,False,0.3,False,,False
NC_038235.1,-,1545,1551,7,-3.700000047683716,True,0.4666666666666667,False,,True
NC_038235.1,-,1709,1714,6,-1.7999999523162842,False,0.36666666666666664,False,,False
NC_038235.1,-,2322,2327,6,0.0,False,0.3333333333333333,True,,True
NC_038235.1,-,2451,2456,6,-0.20000000298023224,False,0.3,False,,False
NC_038235.1,-,2881,2886,6,-0.699999988079071,False,0.36666666666666664,False,,False
NC_038235.1,-,3214,3219,6,-0.6000000238418579,False,0.23333333333333334,False,,False
NC_038235.1,-,3236,3242,7,-0.8999999761581421,False,0.4666666666666667,False,,False
NC_038235.1,-,3626,3631,6,-1.899999976158142,False,0.3,False,,False
NC_038235.1,-,3725,3731,7,-0.6000000238418579,False,0.36666666666666664,False,,False
NC_038235.1,-,4204,4209,6,0.0,False,0.4,False,,False
NC_038235.1,-,5261,5266,6,-1.0,False,0.5,False,,False
NC_038235.1,-,5296,5302,7,-2.9000000953674316,False,0.4666666666666667,False,,False
NC_038235.1,-,5321,5326,6,-1.2999999523162842,False,0.4,False,,False
NC_038235.1,-,6027,6033,7,0.0,False,0.3,False,,False
NC_038235.1,-,9175,9180,6,-2.0,False,0.3333333333333333,False,,False
NC_038235.1,-,10082,10087,6,0.0,False,0.23333333333333334,False,,False
NC_038235.1,-,10500,10505,6,0.0,False,0.26666666666666666,False,,False
NC_038235.1,-,11320,11325,6,-0.30000001192092896,False,0.2,False,,False
NC_038235.1,-,11952,11957,6,-5.800000190734863,True,0.3333333333333333,False,,True
NC_038235.1,-,12305,12311,7,-1.899999976158142,False,0.3,False,,False
NC_038235.1,-,12344,12349,6,-4.400000095367432,True,0.3,False,,True
NC_038235.1,-,14686,14692,7,-1.5,False,0.3,False,,False
NC_038235.1,-,14942,14947,6,-2.799999952316284,False,0.3333333333333333,False,,False
NC_116560.1,-,1795,1800,6,0.0,False,0.23333333333333334,False,,False
NC_116560.1,-,1818,1823,6,-6.699999809265137,True,0.5666666666666667,False,,True
NC_116560.1,-,3283,3288,6,-5.699999809265137,True,0.4666666666666667,False,,True
NC_116560.1,-,4489,4494,6,-1.399999976158142,False,0.36666666666666664,False,,False
NC_116560.1,-,4708,4713,6,0.0,False,0.36666666666666664,False,,False
NC_116560.1,-,4748,4754,7,-5.099999904632568,True,0.5333333333333333,False,,True
NC_116560.1,-,6609,6614,6,-4.099999904632568,True,0.4,False,,True
NC_116560.1,-,7216,7221,6,-4.699999809265137,True,0.43333333333333335,False,,True
NC_116560.1,-,8625,8630,6,-2.5,False,0.3,False,,False
NC_116560.1,-,10436,10442,7,-4.900000095367432,True,0.5,False,,True
NC_116560.1,-,15396,15401,6,-0.699999988079071,False,0.4,False,,False
NC_116560.1,-,15574,15579,6,-0.20000000298023224,False,0.3333333333333333,True,,True
NC_116599.1,+,126,131,6,-7.0,True,0.6,False,,True
NC_116599.1,+,5475,5481,7,-5.900000095367432,True,0.7,False,,True
NC_116599.1,-,1338,1344,7,-2.4000000953674316,False,0.4666666666666667,True,,True
NC_116599.1,-,2192,2198,7,-4.099999904632568,True,0.43333333333333335,True,,True
NC_116599.1,-,2823,2829,7,-1.2000000476837158,False,0.4666666666666667,True,,True
NC_116599.1,-,3132,3138,7,-6.400000095367432,True,0.5,True,,True
NC_116599.1,-,3809,3814,6,-3.5999999046325684,True,0.4,False,,True
NC_116599.1,-,4785,4791,7,0.0,False,0.6,True,,True
NC_116599.1,-,5063,5069,7,-6.5,True,0.6,False,,True
NC_116599.1,-,11423,11429,7,-1.7000000476837158,False,0.36666666666666664,True,,True
NC_116857.1,+,4765,4770,6,-3.299999952316284,True,0.43333333333333335,False,False,True
NC_116857.1,+,9534,9540,7,-1.399999976158142,False,0.4,False,False,False
NC_116857.1,+,10954,10959,6,-2.200000047683716,False,0.4,False,False,False
NC_116857.1,+,12037,12042,6,-5.199999809265137,True,0.4666666666666667,False,False,True
NC_116857.1,+,13433,13438,6,-1.899999976158142,False,0.3333333333333333,False,False,False
NC_116857.1,-,1969,1974,6,-2.9000000953674316,False,0.4,False,False,False
NC_116857.1,-,3341,3346,6,-6.300000190734863,True,0.4666666666666667,False,False,True
NC_116857.1,-,4085,4090,6,-3.0,True,0.3333333333333333,False,False,True
NC_116857.1,-,4934,4939,6,-2.799999952316284,False,0.5,False,False,False
NC_116857.1,-,8451,8456,6,-4.599999904632568,True,0.43333333333333335,False,False,True
NC_116857.1,-,10843,10848,6,-2.700000047683716,False,0.4,False,False,False
NC_116857.1,-,14775,14780,6,0.0,False,0.26666666666666666,False,False,False
NC_116857.1,-,14848,14853,6,0.0,False,0.26666666666666666,False,False,False
NC_116858.1,+,4700,4705,6,-5.5,True,0.6,False,,True
NC_116858.1,+,13465,13470,6,-0.8999999761581421,False,0.4666666666666667,False,,False
NC_116858.1,-,1442,1447,6,-5.900000095367432,True,0.5,False,,True
NC_116858.1,-,3250,3255,6,0.0,False,0.2,False,,False
NC_116858.1,-,3306,3311,6,-5.5,True,0.36666666666666664,True,,True
NC_116858.1,-,4349,4354,6,-1.899999976158142,False,0.4666666666666667,True,,True
NC_116858.1,-,8808,8813,6,-0.8999999761581421,False,0.23333333333333334,False,,False
NC_116858.1,-,8816,8821,6,-1.2000000476837158,False,0.3,False,,False
NC_116862.1,+,3819,3824,6,-2.799999952316284,False,0.36666666666666664,False,,False
NC_116862.1,+,8856,8861,6,-0.30000001192092896,False,0.3333333333333333,False,,False
NC_116862.1,+,15424,15430,7,-1.399999976158142,False,0.26666666666666666,False,,False
NC_116862.1,+,16852,16857,6,-1.0,False,0.23333333333333334,False,,False
NC_116862.1,+,16866,16871,6,0.0,False,0.1,False,,False
NC_116862.1,+,16945,16950,6,-5.199999809265137,True,0.3333333333333333,False,,True
NC_116862.1,-,1950,1955,6,-5.099999904632568,True,0.5,False,,True
NC_116862.1,-,3562,3567,6,0.0,False,0.3,False,,False
NC_116862.1,-,3600,3605,6,-1.2000000476837158,False,0.4666666666666667,False,,False
NC_116862.1,-,3957,3962,6,-2.5,False,0.5,False,,False
NC_116862.1,-,5061,5067,7,-1.5,False,0.26666666666666666,False,,False
NC_116862.1,-,5967,5972,6,-0.800000011920929,False,0.4,False,,False
NC_116862.1,-,6580,6585,6,0.0,False,0.43333333333333335,False,,False
NC_116862.1,-,6708,6713,6,-3.200000047683716,True,0.36666666666666664,False,,True
NC_116862.1,-,6948,6953,6,-0.6000000238418579,False,0.3,False,,False
NC_116862.1,-,7324,7330,7,0.0,False,0.2,False,,False
NC_116862.1,-,8184,8189,6,-3.9000000953674316,True,0.43333333333333335,False,,True
NC_116862.1,-,9466,9471,6,0.0,False,0.26666666666666666,False,,False
NC_116862.1,-,10036,10042,7,-4.199999809265137,True,0.4666666666666667,False,,True
NC_116862.1,-,10290,10296,7,-2.0,False,0.4666666666666667,False,,False
NC_116862.1,-,11148,11154,7,-1.7999999523162842,False,0.4,False,,False
NC_116862.1,-,11667,11672,6,-3.5,True,0.4666666666666667,False,,True
NC_116862.1,-,11717,11722,6,-1.2999999523162842,False,0.36666666666666664,False,,False
NC_116862.1,-,16748,16753,6,-4.099999904632568,True,0.2,False,,True
NC_116862.1,-,16903,16908,6,-5.199999809265137,True,0.36666666666666664,False,,True
NC_116974.1,+,12886,12891,6,-2.799999952316284,False,0.43333333333333335,False,,False
NC_116974.1,-,1036,1041,6,-4.5,True,0.4666666666666667,False,,True
NC_116974.1,-,7204,7209,6,0.0,False,0.4,False,,False
NC_116975.1,+,175,180,6,-1.7000000476837158,False,0.36666666666666664,False,,False
NC_116975.1,+,7544,7549,6,-1.600000023841858,False,0.43333333333333335,False,,False
NC_116975.1,+,13397,13402,6,0.0,False,0.43333333333333335,False,,False
NC_116975.1,-,1592,1597,6,-4.599999904632568,True,0.43333333333333335,False,,True
NC_116975.1,-,5053,5058,6,-4.199999809265137,True,0.3,False,,True
NC_116975.1,-,5794,5799,6,-4.199999809265137,True,0.36666666666666664,False,,True
NC_116975.1,-,7881,7886,6,0.0,False,0.43333333333333335,False,,False
NC_116975.1,-,9475,9480,6,-7.5,True,0.4,False,,True
NC_116975.1,-,10072,10077,6,-0.30000001192092896,False,0.36666666666666664,False,,False
NC_116975.1,-,12030,12035,6,-3.5999999046325684,True,0.3333333333333333,False,,True
NC_117164.1,+,1709,1714,6,-2.0,False,0.4,False,,False
NC_117164.1,+,4923,4928,6,-1.600000023841858,False,0.4,False,,False
NC_117164.1,-,2574,2579,6,-4.599999904632568,True,0.5333333333333333,False,,True
NC_117164.1,-,4553,4558,6,-6.599999904632568,True,0.5333333333333333,True,,True
NC_117182.1,+,5687,5692,6,0.0,False,0.4666666666666667,False,,False
NC_117182.1,+,8556,8561,6,-3.200000047683716,True,0.4,False,,True
NC_117182.1,-,255,260,6,-1.899999976158142,False,0.5333333333333333,False,,False
NC_117182.1,-,3597,3602,6,-8.199999809265137,True,0.7,False,,True
NC_117182.1,-,3662,3667,6,-1.899999976158142,False,0.5666666666666667,False,,False
NC_117182.1,-,5550,5555,6,-5.400000095367432,True,0.5333333333333333,False,,True
NC_117182.1,-,7274,7280,7,-2.0,False,0.5333333333333333,False,,False
NC_117182.1,-,7737,7743,7,-5.5,True,0.5333333333333333,False,,True
NC_117229.1,+,5018,5023,6,-0.4000000059604645,False,0.2,False,,False
NC_117229.1,+,5025,5031,7,0.0,False,0.13333333333333333,False,,False
NC_117229.1,+,6927,6932,6,-4.099999904632568,True,0.5,False,,True
NC_117229.1,+,10618,10624,7,-1.100000023841858,False,0.23333333333333334,False,,False
NC_117229.1,-,199,204,6,0.0,False,0.23333333333333334,False,,False
NC_117229.1,-,224,229,6,-4.599999904632568,True,0.23333333333333334,False,,True
NC_117229.1,-,263,268,6,-1.7999999523162842,False,0.26666666666666666,False,,False
NC_117229.1,-,751,756,6,-5.0,True,0.5,False,,True
NC_117229.1,-,1556,1562,7,-2.200000047683716,False,0.23333333333333334,False,,False
NC_117229.1,-,1772,1777,6,0.0,False,0.36666666666666664,False,,False
NC_117229.1,-,2447,2453,7,-2.799999952316284,False,0.26666666666666666,True,,True
NC_117229.1,-,2466,2472,7,-1.600000023841858,False,0.3,True,,True
NC_117229.1,-,3059,3065,7,-3.700000047683716,True,0.23333333333333334,True,,True
NC_117229.1,-,3988,3993,6,-4.599999904632568,True,0.4666666666666667,False,,True
NC_117229.1,-,4240,4245,6,-0.30000001192092896,False,0.43333333333333335,False,,False
NC_117229.1,-,4607,4612,6,-1.399999976158142,False,0.3333333333333333,False,,False
NC_117229.1,-,4648,4653,6,-2.4000000953674316,False,0.3333333333333333,False,,False
NC_117229.1,-,4719,4725,7,-1.7999999523162842,False,0.3,True,,True
NC_117229.1,-,4962,4968,7,-2.5,False,0.3333333333333333,True,,True
NC_117229.1,-,5477,5482,6,-1.399999976158142,False,0.16666666666666666,False,,False
NC_117229.1,-,6506,6511,6,-6.900000095367432,True,0.5,False,,True
NC_117229.1,-,7831,7836,6,-1.899999976158142,False,0.3,False,,False
NC_117229.1,-,8232,8238,7,-0.30000001192092896,False,0.3333333333333333,False,,False
NC_117229.1,-,11279,11285,7,-2.799999952316284,False,0.4,True,,True
NC_117243.1,+,1771,1776,6,-3.0999999046325684,True,0.36666666666666664,False,,True
NC_117243.1,+,1778,1784,7,-1.2999999523162842,False,0.3,False,,False
NC_117243.1,+,1851,1857,7,0.0,False,0.5333333333333333,False,,False
NC_117243.1,+,1873,1878,6,0.0,False,0.3,False,,False
NC_117243.1,+,1893,1898,6,0.0,False,0.23333333333333334,False,,False
NC_117243.1,+,1900,1905,6,0.0,False,0.2,False,,False
NC_117243.1,-,2236,2242,7,-3.299999952316284,True,0.6,False,,True
NC_117243.1,-,3502,3508,7,-3.0999999046325684,True,0.4,True,,True
NC_117243.1,-,4526,4532,7,-3.200000047683716,True,0.6,False,,True
NC_117243.1,-,6029,6034,6,-5.099999904632568,True,0.6,False,,True
NC_117243.1,-,6172,6178,7,-6.300000190734863,True,0.43333333333333335,True,,True
NC_117243.1,-,10599,10604,6,-4.099999904632568,True,0.5666666666666667,False,,True
NC_117243.1,-,12806,12812,7,-5.300000190734863,True,0.5333333333333333,True,,True
NC_117253.1,-,510,515,6,-4.5,True,0.4666666666666667,False,,True
NC_117253.1,-,947,952,6,-5.199999809265137,True,0.4,False,,True
NC_117253.1,-,2141,2146,6,-2.5999999046325684,False,0.5,False,,False
NC_117253.1,-,8869,8874,6,-2.9000000953674316,False,0.3,False,,False
NC_117253.1,-,10704,10709,6,-0.10000000149011612,False,0.3,False,,False
NC_117269.1,+,270,275,6,0.0,False,0.26666666666666666,False,False,False
NC_117269.1,-,797,802,6,-1.100000023841858,False,0.36666666666666664,False,False,False
NC_117269.1,-,2032,2037,6,-1.0,False,0.3333333333333333,True,False,True
NC_117269.1,-,6657,6662,6,-1.399999976158142,False,0.36666666666666664,False,False,False
NC_117269.1,-,8065,8070,6,0.0,False,0.36666666666666664,False,False,False
NC_117269.1,-,9596,9601,6,0.0,False,0.3,False,False,False
NC_117269.1,-,10093,10098,6,0.0,False,0.26666666666666666,False,False,False
NC_117269.1,-,11245,11250,6,-2.299999952316284,False,0.2,False,False,False
NC_117269.1,-,12385,12390,6,-0.800000011920929,False,0.1,False,False,False
NC_117269.1,-,12419,12425,7,0.0,False,0.23333333333333334,False,False,False
NC_117321.1,+,3560,3565,6,-4.900000095367432,True,0.4666666666666667,False,,True
NC_117321.1,+,5168,5173,6,0.0,False,0.5333333333333333,False,,False
NC_117321.1,+,8141,8146,6,-2.200000047683716,False,0.43333333333333335,False,,False
NC_117321.1,-,3337,3342,6,-1.0,False,0.3,False,,False
NC_117321.1,-,8922,8927,6,-2.5,False,0.4,False,,False
NC_117368.1,+,3878,3883,6,-4.699999809265137,True,0.4666666666666667,False,,True
NC_117368.1,-,1559,1565,7,-1.100000023841858,False,0.43333333333333335,True,,True
NC_117368.1,-,2439,2445,7,-9.899999618530273,True,0.43333333333333335,True,,True
NC_117368.1,-,3106,3112,7,-2.0,False,0.43333333333333335,True,,True
NC_117368.1,-,4675,4681,7,-3.0,True,0.4666666666666667,True,,True
NC_117368.1,-,6525,6531,7,0.0,False,0.4666666666666667,False,,False
NC_117368.1,-,11227,11233,7,-4.800000190734863,True,0.36666666666666664,True,,True
NC_117394.1,+,2398,2403,6,-4.5,True,0.5333333333333333,False,,True
NC_117394.1,+,9598,9604,7,-0.5,False,0.36666666666666664,False,,False
NC_117394.1,-,643,648,6,-0.800000011920929,False,0.4,False,,False
NC_117394.1,-,3672,3677,6,-4.300000190734863,True,0.36666666666666664,False,,True
NC_117394.1,-,3689,3695,7,-1.2000000476837158,False,0.4,False,,False
NC_117394.1,-,10300,10305,6,-2.799999952316284,False,0.3333333333333333,False,,False
NC_117394.1,-,11131,11136,6,-5.699999809265137,True,0.43333333333333335,False,,True
NC_117394.1,-,12265,12270,6,-0.30000001192092896,False,0.4,False,,False
NC_117394.1,-,12679,12684,6,0.0,False,0.43333333333333335,False,,False
NC_117410.1,+,140,145,6,-3.799999952316284,True,0.36666666666666664,False,,True
NC_117410.1,+,5220,5226,7,0.0,False,0.4666666666666667,False,,False
NC_117410.1,+,7883,7888,6,-1.7000000476837158,False,0.36666666666666664,False,,False
NC_117410.1,+,11183,11188,6,0.0,False,0.43333333333333335,False,,False
NC_117410.1,-,146,151,6,-1.899999976158142,False,0.3333333333333333,False,,False
NC_117410.1,-,797,802,6,0.0,False,0.5333333333333333,False,,False
NC_117410.1,-,4746,4751,6,-1.2999999523162842,False,0.4,False,,False
NC_117410.1,-,5306,5311,6,-2.299999952316284,False,0.5333333333333333,False,,False
NC_117410.1,-,6653,6658,6,0.0,False,0.3,False,,False
NC_117410.1,-,7810,7816,7,-0.4000000059604645,False,0.3,False,,False
NC_117410.1,-,7890,7895,6,-6.800000190734863,True,0.3333333333333333,False,,True
NC_117410.1,-,8030,8035,6,-2.9000000953674316,False,0.36666666666666664,False,,False
NC_117410.1,-,9752,9757,6,-5.900000095367432,True,0.5,False,,True
NC_117410.1,-,9886,9891,6,-3.0999999046325684,True,0.36666666666666664,False,,True
NC_117410.1,-,10050,10055,6,-3.799999952316284,True,0.4666666666666667,False,,True
NC_117410.1,-,11620,11627,8,-3.700000047683716,True,0.43333333333333335,False,,True
NC_117410.1,-,11777,11782,6,-3.5999999046325684,True,0.5,False,,True
NC_117410.1,-,11959,11965,7,-1.7999999523162842,False,0.36666666666666664,False,,False
NC_117410.1,-,12935,12940,6,-3.5999999046325684,True,0.4,False,,True
NC_117410.1,-,13019,13024,6,0.0,False,0.4,False,,False
NC_131414.1,+,2970,2975,6,-3.9000000953674316,True,0.43333333333333335,False,,True
NC_131414.1,+,4233,4239,7,-3.4000000953674316,True,0.4,False,,True
NC_131414.1,+,6456,6461,6,-1.600000023841858,False,0.36666666666666664,False,,False
NC_131414.1,+,7303,7308,6,-1.899999976158142,False,0.4,False,,False
NC_131414.1,+,9951,9956,6,-13.199999809265137,True,0.6,False,,True
NC_131414.1,-,1638,1644,7,-1.2999999523162842,False,0.4,False,,False
NC_131414.1,-,2821,2827,7,0.0,False,0.26666666666666666,False,,False
NC_131414.1,-,3732,3738,7,-0.10000000149011612,False,0.4,False,,False
NC_131414.1,-,5425,5430,6,-2.200000047683716,False,0.5,False,,False
NC_131414.1,-,5589,5595,7,-5.900000095367432,True,0.3,True,,True
NC_131414.1,-,9122,9127,6,-1.0,False,0.4,False,,False
NC_131414.1,-,9294,9299,6,-4.900000095367432,True,0.4666666666666667,False,,True
NC_131414.1,-,12142,12148,7,-1.7999999523162842,False,0.36666666666666664,False,,False
NC_139264.1,+,1115,1120,6,-4.900000095367432,True,0.5,False,,True
NC_139264.1,+,5214,5219,6,-7.099999904632568,True,0.5,False,,True
NC_139264.1,+,11853,11859,7,-3.5999999046325684,True,0.5,False,,True
NC_139264.1,+,11870,11876,7,-1.0,False,0.36666666666666664,False,,False
NC_139264.1,-,362,367,6,-1.7999999523162842,False,0.5,False,,False
NC_139264.1,-,1475,1481,7,-2.5,False,0.6,True,,True
NC_139264.1,-,2443,2449,7,-7.099999904632568,True,0.4666666666666667,True,,True
NC_139264.1,-,3251,3257,7,-5.300000190734863,True,0.5,False,,True
NC_139264.1,-,5315,5321,7,-3.0,True,0.43333333333333335,False,,True
NC_139264.1,-,9824,9829,6,-4.699999809265137,True,0.5,False,,True
NC_139264.1,-,11809,11815,7,-4.599999904632568,True,0.5,True,,True
NC_139266.1,+,1631,1636,6,-0.30000001192092896,False,0.26666666666666666,False,,False
NC_139266.1,+,6098,6103,6,-0.8999999761581421,False,0.3333333333333333,False,,False
NC_139266.1,+,7226,7231,6,0.0,False,0.36666666666666664,False,,False
NC_139266.1,-,29,34,6,-1.100000023841858,False,0.36666666666666664,False,,False
NC_139266.1,-,155,160,6,-3.0999999046325684,True,0.5333333333333333,False,,True
NC_139266.1,-,1697,1703,7,-0.4000000059604645,False,0.26666666666666666,False,,False
NC_139266.1,-,2212,2217,6,-2.5,False,0.3,False,,False
NC_139266.1,-,2219,2224,6,-1.0,False,0.4,False,,False
NC_139266.1,-,2924,2930,7,0.0,False,0.26666666666666666,True,,True
NC_139266.1,-,3580,3586,7,-3.5999999046325684,True,0.3333333333333333,False,,True
NC_139266.1,-,3810,3815,6,-3.4000000953674316,True,0.4666666666666667,False,,True
NC_139266.1,-,4214,4219,6,-1.399999976158142,False,0.36666666666666664,False,,False
NC_139266.1,-,4228,4233,6,-0.30000001192092896,False,0.26666666666666666,False,,False
NC_139266.1,-,5549,5556,8,-4.300000190734863,True,0.3,False,,True
NC_139266.1,-,6434,6439,6,-1.7000000476837158,False,0.3333333333333333,False,,False
NC_139266.1,-,9753,9759,7,-4.0,True,0.4,False,,True
NC_139266.1,-,11914,11920,7,-9.0,True,0.4666666666666667,True,,True
NC_139266.1,-,11929,11934,6,-6.400000095367432,True,0.5666666666666667,True,,True
NC_139267.1,+,30,35,6,-2.5,False,0.4827586206896552,False,,False
NC_139267.1,+,9284,9289,6,-6.5,True,0.5666666666666667,False,,True
NC_139267.1,+,11140,11146,7,-6.599999904632568,True,0.43333333333333335,False,,True
NC_139267.1,-,70,75,6,-2.5999999046325684,False,0.3,False,,False
NC_139267.1,-,357,362,6,-2.799999952316284,False,0.5,False,,False
NC_139267.1,-,692,697,6,0.0,False,0.3,False,,False
NC_139267.1,-,1707,1713,7,-1.7000000476837158,False,0.26666666666666666,True,,True
NC_139267.1,-,1990,1995,6,-13.100000381469727,True,0.5666666666666667,False,,True
NC_139267.1,-,2054,2060,7,0.0,False,0.36666666666666664,False,,False
NC_139267.1,-,3106,3112,7,-1.7000000476837158,False,0.26666666666666666,True,,True
NC_139267.1,-,3863,3869,7,-2.0,False,0.3333333333333333,False,,False
NC_139267.1,-,4508,4513,6,-1.899999976158142,False,0.4,False,,False
NC_139267.1,-,5406,5411,6,-9.0,True,0.5666666666666667,False,,True
NC_139267.1,-,5496,5502,7,-1.899999976158142,False,0.3333333333333333,True,,True
NC_139267.1,-,5785,5790,6,-5.599999904632568,True,0.4666666666666667,False,,True
NC_139267.1,-,6377,6382,6,-1.7000000476837158,False,0.3333333333333333,False,,False
NC_139267.1,-,6688,6693,6,-7.099999904632568,True,0.43333333333333335,False,,True
NC_139267.1,-,7025,7030,6,-4.5,True,0.5,False,,True
NC_139267.1,-,7328,7333,6,-0.699999988079071,False,0.3333333333333333,False,,False
NC_139267.1,-,11891,11897,7,-8.100000381469727,True,0.4666666666666667,True,,True
NC_139361.1,+,460,465,6,-2.299999952316284,False,0.4666666666666667,False,,False
NC_139361.1,+,3227,3232,6,0.0,False,0.4,False,,False
NC_139361.1,+,4581,4586,6,-5.400000095367432,True,0.5666666666666667,False,,True
NC_139361.1,+,5658,5663,6,0.0,False,0.26666666666666666,False,,False
NC_139361.1,-,1175,1181,7,0.0,False,0.26666666666666666,True,,True
NC_139361.1,-,1270,1275,6,-0.4000000059604645,False,0.43333333333333335,False,,False
NC_139361.1,-,2258,2264,7,-1.2000000476837158,False,0.3333333333333333,True,,True
NC_139361.1,-,2291,2296,6,-3.0,True,0.6,True,,True
NC_139361.1,-,2837,2843,7,-4.900000095367432,True,0.26666666666666666,True,,True
NC_139361.1,-,4376,4383,8,-7.0,True,0.36666666666666664,True,,True
NC_139361.1,-,5732,5738,7,-7.900000095367432,True,0.36666666666666664,True,,True
NC_139361.1,-,6826,6832,7,-0.699999988079071,False,0.4,False,,False
NC_139361.1,-,6909,6914,6,-4.099999904632568,True,0.43333333333333335,False,,True
NC_139361.1,-,7164,7169,6,0.0,False,0.4,False,,False
NC_139361.1,-,10925,10930,6,-0.6000000238418579,False,0.3333333333333333,False,,False
NC_139361.1,-,12002,12008,7,-0.0,False,0.0,True,,True
NC_139368.1,+,9546,9551,6,0.0,False,0.43333333333333335,False,,False
NC_139368.1,-,594,599,6,-1.5,False,0.26666666666666666,False,,False
NC_139368.1,-,2280,2285,6,-4.0,True,0.6,False,,True
NC_139368.1,-,2536,2541,6,-1.899999976158142,False,0.3,False,,False
NC_139368.1,-,2567,2572,6,-1.7000000476837158,False,0.43333333333333335,False,,False
NC_139368.1,-,2738,2743,6,-4.5,True,0.4,False,,True
NC_139368.1,-,2839,2844,6,0.0,False,0.3333333333333333,False,,False
NC_139368.1,-,3785,3790,6,0.0,False,0.36666666666666664,False,,False
NC_139368.1,-,3950,3955,6,-1.0,False,0.36666666666666664,False,,False
NC_139368.1,-,3963,3968,6,-0.6000000238418579,False,0.36666666666666664,False,,False
NC_139368.1,-,4674,4679,6,-1.2999999523162842,False,0.43333333333333335,False,,False
NC_139368.1,-,7637,7642,6,-0.6000000238418579,False,0.4666666666666667,False,,False
NC_139369.1,-,2972,2977,6,-3.5,True,0.4,False,,True
NC_139369.1,-,13326,13358,33,-0.0,False,0.0,True,,True
NC_139371.1,-,2343,2349,7,-3.200000047683716,True,0.3333333333333333,False,,True
NC_139371.1,-,8554,8559,6,-4.099999904632568,True,0.5333333333333333,False,,True
NC_139371.1,-,10108,10113,6,-3.5999999046325684,True,0.43333333333333335,False,,True
NC_139372.1,-,3554,3559,6,-3.299999952316284,True,0.5,False,,True
NC_139372.1,-,5482,5487,6,0.0,False,0.36666666666666664,False,,False
NC_139372.1,-,9322,9328,7,-2.0999999046325684,False,0.43333333333333335,False,,False
NC_139372.1,-,9723,9728,6,-1.399999976158142,False,0.4,False,,False
NC_139372.1,-,11886,11891,6,-6.099999904632568,True,0.4666666666666667,False,,True
NC_139373.1,+,2967,2972,6,-3.9000000953674316,True,0.5666666666666667,False,,True
NC_139373.1,+,4955,4960,6,-1.399999976158142,False,0.43333333333333335,False,,False
NC_139373.1,+,10088,10093,6,0.0,False,0.3,False,,False
NC_139373.1,+,13647,13652,6,-3.700000047683716,True,0.3333333333333333,False,,True
NC_139373.1,-,881,886,6,-1.2999999523162842,False,0.4666666666666667,False,,False
NC_139373.1,-,1319,1324,6,-0.4000000059604645,False,0.36666666666666664,False,,False
NC_139373.1,-,10033,10038,6,-1.2999999523162842,False,0.5666666666666667,False,,False
NC_139373.1,-,12896,12901,6,-0.5,False,0.36666666666666664,False,,False
NC_139373.1,-,13628,13633,6,-2.0,False,0.3333333333333333,False,,False
NC_139373.1,-,13665,13670,6,-5.099999904632568,True,0.43333333333333335,False,,True
NC_139373.1,-,14480,14485,6,-2.5,False,0.26666666666666666,False,,False
NC_139374.1,+,8475,8480,6,-0.10000000149011612,False,0.4,False,,False
NC_139374.1,-,10357,10362,6,-7.5,True,0.43333333333333335,False,,True
NC_139375.1,+,1180,1185,6,0.0,False,0.36666666666666664,False,,False
NC_139375.1,+,7246,7251,6,-1.7000000476837158,False,0.4,False,,False
NC_139375.1,+,9998,10003,6,0.0,False,0.4666666666666667,False,,False
NC_139375.1,+,12066,12071,6,-1.600000023841858,False,0.3,False,,False
NC_139375.1,-,75,80,6,-3.0,True,0.36666666666666664,False,,True
NC_139375.1,-,1575,1580,6,-7.300000190734863,True,0.3333333333333333,False,,True
NC_139375.1,-,2407,2412,6,0.0,False,0.43333333333333335,False,,False
NC_139375.1,-,2839,2844,6,-2.299999952316284,False,0.36666666666666664,False,,False
NC_139375.1,-,3740,3745,6,0.0,False,0.26666666666666666,False,,False
NC_139375.1,-,4354,4359,6,-6.699999809265137,True,0.4666666666666667,False,,True
NC_139375.1,-,4807,4812,6,-2.799999952316284,False,0.26666666666666666,False,,False
NC_139375.1,-,6692,6697,6,-4.199999809265137,True,0.3333333333333333,False,,True
NC_139375.1,-,6930,6935,6,-3.799999952316284,True,0.5,False,,True
NC_139375.1,-,9616,9621,6,-3.200000047683716,True,0.5,False,,True
NC_139375.1,-,11134,11140,7,-2.700000047683716,False,0.16666666666666666,False,,False
NC_139375.1,-,13160,13165,6,-1.5,False,0.43333333333333335,False,,False
NC_139376.1,+,9821,9826,6,-2.299999952316284,False,0.3,False,,False
NC_139376.1,-,1282,1287,6,-3.299999952316284,True,0.4666666666666667,False,,True
NC_139376.1,-,12386,12391,6,-1.0,False,0.36666666666666664,False,,False
NC_139377.1,+,1305,1310,6,-4.400000095367432,True,0.5333333333333333,False,False,True
NC_139377.1,-,455,460,6,-1.7000000476837158,False,0.4,False,False,False
NC_139377.1,-,2155,2161,7,-2.9000000953674316,False,0.4,False,False,False
NC_139377.1,-,4295,4300,6,-1.0,False,0.43333333333333335,False,False,False
NC_139377.1,-,10760,10765,6,-5.199999809265137,True,0.5,False,False,True
NC_139378.1,+,2097,2102,6,-4.699999809265137,True,0.5666666666666667,False,,True
NC_139378.1,+,4908,4913,6,0.0,False,0.23333333333333334,False,,False
NC_139378.1,-,1788,1793,6,0.0,False,0.3,False,,False
NC_139378.1,-,2914,2919,6,-0.20000000298023224,False,0.23333333333333334,False,,False
NC_139378.1,-,3123,3128,6,-0.8999999761581421,False,0.36666666666666664,False,,False
NC_139378.1,-,3939,3944,6,-1.5,False,0.16666666666666666,False,,False
NC_139378.1,-,4748,4753,6,-0.800000011920929,False,0.4,False,,False
NC_139378.1,-,6672,6677,6,-2.299999952316284,False,0.3333333333333333,False,,False
NC_139378.1,-,7173,7178,6,-1.899999976158142,False,0.26666666666666666,True,,True
NC_139378.1,-,10520,10525,6,-0.30000001192092896,False,0.5666666666666667,False,,False
NC_139378.1,-,13353,13358,6,-3.4000000953674316,True,0.36666666666666664,False,,True
NC_139378.1,-,13859,13864,6,0.0,False,0.3,False,,False
NC_139379.1,+,3031,3036,6,-0.20000000298023224,False,0.5,False,,False
NC_139379.1,+,3442,3447,6,-1.7000000476837158,False,0.5333333333333333,False,,False
NC_139379.1,-,2506,2511,6,0.0,False,0.43333333333333335,False,,False
NC_139379.1,-,4107,4112,6,-3.4000000953674316,True,0.3,True,,True
NC_139379.1,-,8451,8456,6,-1.0,False,0.36666666666666664,False,,False
NC_139379.1,-,9215,9220,6,-0.800000011920929,False,0.3,False,,False
NC_139379.1,-,9722,9727,6,-0.30000001192092896,False,0.36666666666666664,False,,False
NC_139379.1,-,10519,10524,6,0.0,False,0.3333333333333333,False,,False
NC_139379.1,-,10833,10838,6,-2.700000047683716,False,0.43333333333333335,False,,False
NC_139379.1,-,12694,12699,6,-2.5999999046325684,False,0.43333333333333335,False,,False
NC_139379.1,-,12980,12985,6,-2.799999952316284,False,0.4666666666666667,False,,False
NC_139379.1,-,14010,14015,6,-2.5,False,0.34615384615384615,False,,False
