accession,organism,family,lineage
NC_001803.1,Human respiratory syncytial virus A,Pneumoviridae,Viruses; Riboviria; Orthornavirae; Negarnaviricota; Haploviricotina; Monjiviricetes; Mononegavirales; Pneumoviridae; Orthopneumovirus; Orthopneumovirus hominis
NC_038235.1,human respiratory syncytial virus,Pneumoviridae,Viruses; Riboviria; Orthornavirae; Negarnaviricota; Haploviricotina; Monjiviricetes; Mononegavirales; Pneumoviridae; Orthopneumovirus; Orthopneumovirus hominis
NC_116560.1,Achimota pararubulavirus 3,Paramyxoviridae,Viruses; Riboviria; Orthornavirae; Negarnaviricota; Haploviricotina; Monjiviricetes; Mononegavirales; Paramyxoviridae; Rubulavirinae; Pararubulavirus; Pararubulavirus eidoli
NC_116599.1,Tupavirus incomtus,Rhabdoviridae,Viruses; Riboviria; Orthornavirae; Negarnaviricota; Haploviricotina; Monjiviricetes; Mononegavirales; Rhabdoviridae; Alpharhabdovirinae; Tupavirus
NC_116857.1,Longquan Berylmys bowersi morbillivirus 1,Paramyxoviridae,Viruses; Riboviria; Orthornavirae; Negarnaviricota; Haploviricotina; Monjiviricetes; Mononegavirales; Paramyxoviridae; Orthoparamyxovirinae; Paramorbillivirus; Paramorbillivirus berylmysis
NC_116858.1,Wufeng Niviventer fulvescens morbillivirus 1,Paramyxoviridae,Viruses; Riboviria; Orthornavirae; Negarnaviricota; Haploviricotina; Monjiviricetes; Mononegavirales; Paramyxoviridae; Orthoparamyxovirinae; Paramorbillivirus; Paramorbillivirus niviventris
NC_116862.1,Wufeng Rhinolophus sinicus rubulavirus 1,Paramyxoviridae,Viruses; Riboviria; Orthornavirae; Negarnaviricota; Haploviricotina; Monjiviricetes; Mononegavirales; Paramyxoviridae; Rubulavirinae; Orthorubulavirus; Orthorubulavirus rhinolophi
NC_116974.1,Strawberry virus 2,Rhabdoviridae,Viruses; Riboviria; Orthornavirae; Negarnaviricota; Haploviricotina; Monjiviricetes; Mononegavirales; Rhabdoviridae; Betarhabdovirinae; Alphacytorhabdovirus; Alphacytorhabdovirus betafragariae
NC_116975.1,Strawberry virus 3,Rhabdoviridae,Viruses; Riboviria; Orthornavirae; Negarnaviricota; Haploviricotina; Monjiviricetes; Mononegavirales; Rhabdoviridae; Betarhabdovirinae; Deltanucleorhabdovirus; Deltanucleorhabdovirus fragariae
NC_117164.1,Gierle apodemus virus,Paramyxoviridae,Viruses; Riboviria; Orthornavirae; Negarnaviricota; Haploviricotina; Monjiviricetes; Mononegavirales; Paramyxoviridae; Orthoparamyxovirinae; Paramorbillivirus; Paramorbillivirus gierlense
NC_117182.1,Alphacytorhabdovirus sambuci,Rhabdoviridae,Viruses; Riboviria; Orthornavirae; Negarnaviricota; Haploviricotina; Monjiviricetes; Mononegavirales; Rhabdoviridae; Betarhabdovirinae; Alphacytorhabdovirus
NC_117229.1,Shanxi Arboretum virus,Rhabdoviridae,Viruses; Riboviria; Orthornavirae; Negarnaviricota; Haploviricotina; Monjiviricetes; Mononegavirales; Rhabdoviridae; Alpharhabdovirinae; Almendravirus; Almendravirus shanxi
NC_117243.1,Alpharicinrhavirus bancrofti,Rhabdoviridae,Viruses; Riboviria; Orthornavirae; Negarnaviricota; Haploviricotina; Monjiviricetes; Mononegavirales; Rhabdoviridae; Alpharhabdovirinae; Alpharicinrhavirus
NC_117252.1,Hyptis latent virus,Rhabdoviridae,Viruses; Riboviria; Orthornavirae; Negarnaviricota; Haploviricotina; Monjiviricetes; Mononegavirales; Rhabdoviridae; Betarhabdovirinae; Alphacytorhabdovirus; Alphacytorhabdovirus hyptisis
NC_117253.1,Cereal chlorotic mottle virus,Rhabdoviridae,Viruses; Riboviria; Orthornavirae; Negarnaviricota; Haploviricotina; Monjiviricetes; Mononegavirales; Rhabdoviridae; Betarhabdovirinae; Gammanucleorhabdovirus; Gammanucleorhabdovirus cerealis
NC_117269.1,rudbeckia virus 1,Rhabdoviridae,Viruses; Riboviria; Orthornavirae; Negarnaviricota; Haploviricotina; Monjiviricetes; Mononegavirales; Rhabdoviridae; Betarhabdovirinae; Betacytorhabdovirus; Betacytorhabdovirus rudbeckiae
NC_117321.1,Alphacytorhabdovirus alphapogostemi,Rhabdoviridae,Viruses; Riboviria; Orthornavirae; Negarnaviricota; Haploviricotina; Monjiviricetes; Mononegavirales; Rhabdoviridae; Betarhabdovirinae; Alphacytorhabdovirus
NC_117368.1,Tahe rhabdovirus 1,Rhabdoviridae,Viruses; Riboviria; Orthornavirae; Negarnaviricota; Haploviricotina; Monjiviricetes; Mononegavirales; Rhabdoviridae; Alpharhabdovirinae; Alpharicinrhavirus; Alpharicinrhavirus tahe
NC_117394.1,Alphacytorhabdovirus ribes,Rhabdoviridae,Viruses; Riboviria; Orthornavirae; Negarnaviricota; Haploviricotina; Monjiviricetes; Mononegavirales; Rhabdoviridae; Betarhabdovirinae; Alphacytorhabdovirus
NC_117410.1,Daphne virus 1,Rhabdoviridae,Viruses; Riboviria; Orthornavirae; Negarnaviricota; Haploviricotina; Monjiviricetes; Mononegavirales; Rhabdoviridae; Betarhabdovirinae; Alphacytorhabdovirus; Alphacytorhabdovirus daphnis
NC_131414.1,Boana pugnax lyssa-like virus 1,Rhabdoviridae,Viruses; Riboviria; Orthornavirae; Negarnaviricota; Haploviricotina; Monjiviricetes; Mononegavirales; Rhabdoviridae; Alpharhabdovirinae; Amplylivirus; Amplylivirus pugnax
NC_139264.1,Kotalahti bat lyssavirus,Rhabdoviridae,Viruses; Riboviria; Orthornavirae; Negarnaviricota; Haploviricotina; Monjiviricetes; Mononegavirales; Rhabdoviridae; Alpharhabdovirinae; Lyssavirus; Lyssavirus kotalahti
NC_139266.1,Hattula rhabdovirus,Rhabdoviridae,Viruses; Riboviria; Orthornavirae; Negarnaviricota; Haploviricotina; Monjiviricetes; Mononegavirales; Rhabdoviridae; Alpharhabdovirinae; Merhavirus; Merhavirus hattula
NC_139267.1,Inari rhabdovirus,Rhabdoviridae,Viruses; Riboviria; Orthornavirae; Negarnaviricota; Haploviricotina; Monjiviricetes; Mononegavirales; Rhabdoviridae; Alpharhabdovirinae; Merhavirus; Merhavirus inari
NC_139361.1,Killamcar virus 1,Rhabdoviridae,Viruses; Riboviria; Orthornavirae; Negarnaviricota; Haploviricotina; Monjiviricetes; Mononegavirales; Rhabdoviridae; Alpharhabdovirinae; Uniorhavirus; Uniorhavirus killamcar
NC_139368.1,Tomato alphanucleorhabdovirus 1,Rhabdoviridae,Viruses; Riboviria; Orthornavirae; Negarnaviricota; Haploviricotina; Monjiviricetes; Mononegavirales; Rhabdoviridae; Betarhabdovirinae; Alphanucleorhabdovirus; Alphanucleorhabdovirus lycopersici
NC_139369.1,Alphanucleorhabdovirus xinjianensis,Rhabdoviridae,Viruses; Riboviria; Orthornavirae; Negarnaviricota; Haploviricotina; Monjiviricetes; Mononegavirales; Rhabdoviridae; Betarhabdovirinae; Alphanucleorhabdovirus
NC_139371.1,Tomato betanucleorhabdovirus 1,Rhabdoviridae,Viruses; Riboviria; Orthornavirae; Negarnaviricota; Haploviricotina; Monjiviricetes; Mononegavirales; Rhabdoviridae; Betarhabdovirinae; Betanucleorhabdovirus; Betanucleorhabdovirus alphalycopersici
NC_139372.1,Tomato betanucleorhabdovirus 2,Rhabdoviridae,Viruses; Riboviria; Orthornavirae; Negarnaviricota; Haploviricotina; Monjiviricetes; Mononegavirales; Rhabdoviridae; Betarhabdovirinae; Betanucleorhabdovirus; Betanucleorhabdovirus betalycopersici
NC_139373.1,Betanucleorhabdovirus picridis,Rhabdoviridae,Viruses; Riboviria; Orthornavirae; Negarnaviricota; Haploviricotina; Monjiviricetes; Mononegavirales; Rhabdoviridae; Betarhabdovirinae; Betanucleorhabdovirus
NC_139374.1,Betanucleorhabdovirus taraxi,Rhabdoviridae,Viruses; Riboviria; Orthornavirae; Negarnaviricota; Haploviricotina; Monjiviricetes; Mononegavirales; Rhabdoviridae; Betarhabdovirinae; Betanucleorhabdovirus
NC_139375.1,Soybean blotchy mosaic virus,Rhabdoviridae,Viruses; Riboviria; Orthornavirae; Negarnaviricota; Haploviricotina; Monjiviricetes; Mononegavirales; Rhabdoviridae; Betarhabdovirinae; Betacytorhabdovirus; Betacytorhabdovirus glycinis
NC_139376.1,Pastinaca cytorhabdovirus 1,Rhabdoviridae,Viruses; Riboviria; Orthornavirae; Negarnaviricota; Haploviricotina; Monjiviricetes; Mononegavirales; Rhabdoviridae; Betarhabdovirinae; Alphacytorhabdovirus; Alphacytorhabdovirus pastinacae
NC_139377.1,Taraxacum cytorhabdovirus 1,Rhabdoviridae,Viruses; Riboviria; Orthornavirae; Negarnaviricota; Haploviricotina; Monjiviricetes; Mononegavirales; Rhabdoviridae; Betarhabdovirinae; Alphacytorhabdovirus; Alphacytorhabdovirus taraxaci
NC_139378.1,Cytorhabdovirus sp. 'tiliae',Rhabdoviridae,Viruses; Riboviria; Orthornavirae; Negarnaviricota; Haploviricotina; Monjiviricetes; Mononegavirales; Rhabdoviridae; Betarhabdovirinae; Betacytorhabdovirus; Betacytorhabdovirus tiliae
NC_139379.1,Medicago sativa virus 1,Rhabdoviridae,Viruses; Riboviria; Orthornavirae; Negarnaviricota; Haploviricotina; Monjiviricetes; Mononegavirales; Rhabdoviridae; Betarhabdovirinae; Deltanucleorhabdovirus; Deltanucleorhabdovirus medicagonis
